filename,num_players,num_messages_sent,turns
real_data/number_of_messages_experiment_1512653644.txt,2,72,39
real_data/number_of_messages_experiment_1512653644.txt,2,76,39
real_data/number_of_messages_experiment_1512653644.txt,3,152,51
real_data/number_of_messages_experiment_1512653644.txt,3,143,51
real_data/number_of_messages_experiment_1512653644.txt,3,175,51
real_data/number_of_messages_experiment_1512653644.txt,4,189,42
real_data/number_of_messages_experiment_1512653644.txt,4,177,42
real_data/number_of_messages_experiment_1512653644.txt,4,188,42
real_data/number_of_messages_experiment_1512653644.txt,4,201,42
real_data/number_of_messages_experiment_1512653644.txt,5,213,33
real_data/number_of_messages_experiment_1512653644.txt,5,261,33
real_data/number_of_messages_experiment_1512653644.txt,5,197,33
real_data/number_of_messages_experiment_1512653644.txt,5,212,33
real_data/number_of_messages_experiment_1512653644.txt,5,149,33
real_data/number_of_messages_experiment_1512653644.txt,6,210,43
real_data/number_of_messages_experiment_1512653644.txt,6,305,43
real_data/number_of_messages_experiment_1512653644.txt,6,339,43
real_data/number_of_messages_experiment_1512653644.txt,6,320,43
real_data/number_of_messages_experiment_1512653644.txt,6,315,43
real_data/number_of_messages_experiment_1512653644.txt,6,295,43
real_data/number_of_messages_experiment_1512653644.txt,7,442,69
real_data/number_of_messages_experiment_1512653644.txt,7,443,69
real_data/number_of_messages_experiment_1512653644.txt,7,419,69
real_data/number_of_messages_experiment_1512653644.txt,7,413,69
real_data/number_of_messages_experiment_1512653644.txt,7,407,69
real_data/number_of_messages_experiment_1512653644.txt,7,383,69
real_data/number_of_messages_experiment_1512653644.txt,7,425,69
real_data/number_of_messages_experiment_1512653644.txt,8,607,88
real_data/number_of_messages_experiment_1512653644.txt,8,614,88
real_data/number_of_messages_experiment_1512653644.txt,8,544,88
real_data/number_of_messages_experiment_1512653644.txt,8,648,88
real_data/number_of_messages_experiment_1512653644.txt,8,579,88
real_data/number_of_messages_experiment_1512653644.txt,8,572,88
real_data/number_of_messages_experiment_1512653644.txt,8,614,88
real_data/number_of_messages_experiment_1512653644.txt,8,544,88
real_data/number_of_messages_experiment_1512653644.txt,9,355,53
real_data/number_of_messages_experiment_1512653644.txt,9,451,53
real_data/number_of_messages_experiment_1512653644.txt,9,323,53
real_data/number_of_messages_experiment_1512653644.txt,9,379,53
real_data/number_of_messages_experiment_1512653644.txt,9,451,53
real_data/number_of_messages_experiment_1512653644.txt,9,498,53
real_data/number_of_messages_experiment_1512653644.txt,9,403,53
real_data/number_of_messages_experiment_1512653644.txt,9,451,53
real_data/number_of_messages_experiment_1512653644.txt,9,347,53
real_data/number_of_messages_experiment_1512653644.txt,10,805,83
real_data/number_of_messages_experiment_1512653644.txt,10,590,83
real_data/number_of_messages_experiment_1512653644.txt,10,698,83
real_data/number_of_messages_experiment_1512653644.txt,10,698,83
real_data/number_of_messages_experiment_1512653644.txt,10,752,83
real_data/number_of_messages_experiment_1512653644.txt,10,752,83
real_data/number_of_messages_experiment_1512653644.txt,10,761,83
real_data/number_of_messages_experiment_1512653644.txt,10,752,83
real_data/number_of_messages_experiment_1512653644.txt,10,662,83
real_data/number_of_messages_experiment_1512653644.txt,10,644,83
real_data/number_of_messages_experiment_1512653644.txt,11,615,70
real_data/number_of_messages_experiment_1512653644.txt,11,555,70
real_data/number_of_messages_experiment_1512653644.txt,11,615,70
real_data/number_of_messages_experiment_1512653644.txt,11,635,70
real_data/number_of_messages_experiment_1512653644.txt,11,725,70
real_data/number_of_messages_experiment_1512653644.txt,11,665,70
real_data/number_of_messages_experiment_1512653644.txt,11,625,70
real_data/number_of_messages_experiment_1512653644.txt,11,645,70
real_data/number_of_messages_experiment_1512653644.txt,11,764,70
real_data/number_of_messages_experiment_1512653644.txt,11,715,70
real_data/number_of_messages_experiment_1512653644.txt,11,585,70
real_data/number_of_messages_experiment_1512653644.txt,12,333,28
real_data/number_of_messages_experiment_1512653644.txt,12,432,28
real_data/number_of_messages_experiment_1512653644.txt,12,343,28
real_data/number_of_messages_experiment_1512653644.txt,12,212,28
real_data/number_of_messages_experiment_1512653644.txt,12,333,28
real_data/number_of_messages_experiment_1512653644.txt,12,256,28
real_data/number_of_messages_experiment_1512653644.txt,12,234,28
real_data/number_of_messages_experiment_1512653644.txt,12,311,28
real_data/number_of_messages_experiment_1512653644.txt,12,212,28
real_data/number_of_messages_experiment_1512653644.txt,12,278,28
real_data/number_of_messages_experiment_1512653644.txt,12,256,28
real_data/number_of_messages_experiment_1512653644.txt,12,289,28
real_data/number_of_messages_experiment_1512653644.txt,13,497,56
real_data/number_of_messages_experiment_1512653644.txt,13,593,56
real_data/number_of_messages_experiment_1512653644.txt,13,569,56
real_data/number_of_messages_experiment_1512653644.txt,13,593,56
real_data/number_of_messages_experiment_1512653644.txt,13,676,56
real_data/number_of_messages_experiment_1512653644.txt,13,545,56
real_data/number_of_messages_experiment_1512653644.txt,13,665,56
real_data/number_of_messages_experiment_1512653644.txt,13,473,56
real_data/number_of_messages_experiment_1512653644.txt,13,569,56
real_data/number_of_messages_experiment_1512653644.txt,13,521,56
real_data/number_of_messages_experiment_1512653644.txt,13,593,56
real_data/number_of_messages_experiment_1512653644.txt,13,521,56
real_data/number_of_messages_experiment_1512653644.txt,13,521,56
real_data/number_of_messages_experiment_1512653644.txt,14,1279,85
real_data/number_of_messages_experiment_1512653644.txt,14,1188,85
real_data/number_of_messages_experiment_1512653644.txt,14,1110,85
real_data/number_of_messages_experiment_1512653644.txt,14,1058,85
real_data/number_of_messages_experiment_1512653644.txt,14,1110,85
real_data/number_of_messages_experiment_1512653644.txt,14,1071,85
real_data/number_of_messages_experiment_1512653644.txt,14,1201,85
real_data/number_of_messages_experiment_1512653644.txt,14,1136,85
real_data/number_of_messages_experiment_1512653644.txt,14,967,85
real_data/number_of_messages_experiment_1512653644.txt,14,1252,85
real_data/number_of_messages_experiment_1512653644.txt,14,1201,85
real_data/number_of_messages_experiment_1512653644.txt,14,941,85
real_data/number_of_messages_experiment_1512653644.txt,14,1110,85
real_data/number_of_messages_experiment_1512653644.txt,14,1058,85
real_data/number_of_messages_experiment_1512653644.txt,15,887,66
real_data/number_of_messages_experiment_1512653644.txt,15,957,66
real_data/number_of_messages_experiment_1512653644.txt,15,873,66
real_data/number_of_messages_experiment_1512653644.txt,15,859,66
real_data/number_of_messages_experiment_1512653644.txt,15,1026,66
real_data/number_of_messages_experiment_1512653644.txt,15,887,66
real_data/number_of_messages_experiment_1512653644.txt,15,859,66
real_data/number_of_messages_experiment_1512653644.txt,15,817,66
real_data/number_of_messages_experiment_1512653644.txt,15,873,66
real_data/number_of_messages_experiment_1512653644.txt,15,845,66
real_data/number_of_messages_experiment_1512653644.txt,15,817,66
real_data/number_of_messages_experiment_1512653644.txt,15,1013,66
real_data/number_of_messages_experiment_1512653644.txt,15,1041,66
real_data/number_of_messages_experiment_1512653644.txt,15,761,66
real_data/number_of_messages_experiment_1512653644.txt,15,887,66
real_data/number_of_messages_experiment_1512653644.txt,16,725,50
real_data/number_of_messages_experiment_1512653644.txt,16,650,50
real_data/number_of_messages_experiment_1512653644.txt,16,665,50
real_data/number_of_messages_experiment_1512653644.txt,16,770,50
real_data/number_of_messages_experiment_1512653644.txt,16,740,50
real_data/number_of_messages_experiment_1512653644.txt,16,785,50
real_data/number_of_messages_experiment_1512653644.txt,16,785,50
real_data/number_of_messages_experiment_1512653644.txt,16,830,50
real_data/number_of_messages_experiment_1512653644.txt,16,650,50
real_data/number_of_messages_experiment_1512653644.txt,16,590,50
real_data/number_of_messages_experiment_1512653644.txt,16,560,50
real_data/number_of_messages_experiment_1512653644.txt,16,815,50
real_data/number_of_messages_experiment_1512653644.txt,16,905,50
real_data/number_of_messages_experiment_1512653644.txt,16,875,50
real_data/number_of_messages_experiment_1512653644.txt,16,904,50
real_data/number_of_messages_experiment_1512653644.txt,16,755,50
real_data/number_of_messages_experiment_1512653644.txt,17,1461,122
real_data/number_of_messages_experiment_1512653644.txt,17,1445,122
real_data/number_of_messages_experiment_1512653644.txt,17,1429,122
real_data/number_of_messages_experiment_1512653644.txt,17,1445,122
real_data/number_of_messages_experiment_1512653644.txt,17,1429,122
real_data/number_of_messages_experiment_1512653644.txt,17,1509,122
real_data/number_of_messages_experiment_1512653644.txt,17,1429,122
real_data/number_of_messages_experiment_1512653644.txt,17,1556,122
real_data/number_of_messages_experiment_1512653644.txt,17,1573,122
real_data/number_of_messages_experiment_1512653644.txt,17,1509,122
real_data/number_of_messages_experiment_1512653644.txt,17,1493,122
real_data/number_of_messages_experiment_1512653644.txt,17,1445,122
real_data/number_of_messages_experiment_1512653644.txt,17,1557,122
real_data/number_of_messages_experiment_1512653644.txt,17,1301,122
real_data/number_of_messages_experiment_1512653644.txt,17,1365,122
real_data/number_of_messages_experiment_1512653644.txt,17,1413,122
real_data/number_of_messages_experiment_1512653644.txt,17,1461,122
real_data/number_of_messages_experiment_1512653644.txt,18,1263,90
real_data/number_of_messages_experiment_1512653644.txt,18,1110,90
real_data/number_of_messages_experiment_1512653644.txt,18,1314,90
real_data/number_of_messages_experiment_1512653644.txt,18,1518,90
real_data/number_of_messages_experiment_1512653644.txt,18,1263,90
real_data/number_of_messages_experiment_1512653644.txt,18,1263,90
real_data/number_of_messages_experiment_1512653644.txt,18,1246,90
real_data/number_of_messages_experiment_1512653644.txt,18,1518,90
real_data/number_of_messages_experiment_1512653644.txt,18,1297,90
real_data/number_of_messages_experiment_1512653644.txt,18,1262,90
real_data/number_of_messages_experiment_1512653644.txt,18,1161,90
real_data/number_of_messages_experiment_1512653644.txt,18,1433,90
real_data/number_of_messages_experiment_1512653644.txt,18,1161,90
real_data/number_of_messages_experiment_1512653644.txt,18,1280,90
real_data/number_of_messages_experiment_1512653644.txt,18,1433,90
real_data/number_of_messages_experiment_1512653644.txt,18,1416,90
real_data/number_of_messages_experiment_1512653644.txt,18,1484,90
real_data/number_of_messages_experiment_1512653644.txt,18,1365,90
real_data/number_of_messages_experiment_1512653644.txt,19,1211,77
real_data/number_of_messages_experiment_1512653644.txt,19,1301,77
real_data/number_of_messages_experiment_1512653644.txt,19,1319,77
real_data/number_of_messages_experiment_1512653644.txt,19,1355,77
real_data/number_of_messages_experiment_1512653644.txt,19,1103,77
real_data/number_of_messages_experiment_1512653644.txt,19,1337,77
real_data/number_of_messages_experiment_1512653644.txt,19,1067,77
real_data/number_of_messages_experiment_1512653644.txt,19,1481,77
real_data/number_of_messages_experiment_1512653644.txt,19,1193,77
real_data/number_of_messages_experiment_1512653644.txt,19,1373,77
real_data/number_of_messages_experiment_1512653644.txt,19,1373,77
real_data/number_of_messages_experiment_1512653644.txt,19,1534,77
real_data/number_of_messages_experiment_1512653644.txt,19,1319,77
real_data/number_of_messages_experiment_1512653644.txt,19,1391,77
real_data/number_of_messages_experiment_1512653644.txt,19,1319,77
real_data/number_of_messages_experiment_1512653644.txt,19,1265,77
real_data/number_of_messages_experiment_1512653644.txt,19,1517,77
real_data/number_of_messages_experiment_1512653644.txt,19,1355,77
real_data/number_of_messages_experiment_1512653644.txt,19,1319,77
real_data/number_of_messages_experiment_1512653644.txt,20,1354,89
real_data/number_of_messages_experiment_1512653644.txt,20,1449,89
real_data/number_of_messages_experiment_1512653644.txt,20,1544,89
real_data/number_of_messages_experiment_1512653644.txt,20,1468,89
real_data/number_of_messages_experiment_1512653644.txt,20,1297,89
real_data/number_of_messages_experiment_1512653644.txt,20,1411,89
real_data/number_of_messages_experiment_1512653644.txt,20,1506,89
real_data/number_of_messages_experiment_1512653644.txt,20,1581,89
real_data/number_of_messages_experiment_1512653644.txt,20,1487,89
real_data/number_of_messages_experiment_1512653644.txt,20,1430,89
real_data/number_of_messages_experiment_1512653644.txt,20,1411,89
real_data/number_of_messages_experiment_1512653644.txt,20,1354,89
real_data/number_of_messages_experiment_1512653644.txt,20,1544,89
real_data/number_of_messages_experiment_1512653644.txt,20,1544,89
real_data/number_of_messages_experiment_1512653644.txt,20,1449,89
real_data/number_of_messages_experiment_1512653644.txt,20,1468,89
real_data/number_of_messages_experiment_1512653644.txt,20,1677,89
real_data/number_of_messages_experiment_1512653644.txt,20,1468,89
real_data/number_of_messages_experiment_1512653644.txt,20,1430,89
real_data/number_of_messages_experiment_1512653644.txt,20,1506,89
real_data/number_of_messages_experiment_1512665672.txt,2,155,71
real_data/number_of_messages_experiment_1512665672.txt,2,143,71
real_data/number_of_messages_experiment_1512665672.txt,3,117,40
real_data/number_of_messages_experiment_1512665672.txt,3,136,40
real_data/number_of_messages_experiment_1512665672.txt,3,141,40
real_data/number_of_messages_experiment_1512665672.txt,4,224,49
real_data/number_of_messages_experiment_1512665672.txt,4,198,49
real_data/number_of_messages_experiment_1512665672.txt,4,198,49
real_data/number_of_messages_experiment_1512665672.txt,4,183,49
real_data/number_of_messages_experiment_1512665672.txt,5,119,23
real_data/number_of_messages_experiment_1512665672.txt,5,99,23
real_data/number_of_messages_experiment_1512665672.txt,5,147,23
real_data/number_of_messages_experiment_1512665672.txt,5,138,23
real_data/number_of_messages_experiment_1512665672.txt,5,123,23
real_data/number_of_messages_experiment_1512665672.txt,6,270,61
real_data/number_of_messages_experiment_1512665672.txt,6,305,61
real_data/number_of_messages_experiment_1512665672.txt,6,344,61
real_data/number_of_messages_experiment_1512665672.txt,6,330,61
real_data/number_of_messages_experiment_1512665672.txt,6,290,61
real_data/number_of_messages_experiment_1512665672.txt,6,295,61
real_data/number_of_messages_experiment_1512665672.txt,7,202,31
real_data/number_of_messages_experiment_1512665672.txt,7,215,31
real_data/number_of_messages_experiment_1512665672.txt,7,191,31
real_data/number_of_messages_experiment_1512665672.txt,7,227,31
real_data/number_of_messages_experiment_1512665672.txt,7,239,31
real_data/number_of_messages_experiment_1512665672.txt,7,197,31
real_data/number_of_messages_experiment_1512665672.txt,7,155,31
real_data/number_of_messages_experiment_1512665672.txt,8,530,71
real_data/number_of_messages_experiment_1512665672.txt,8,649,71
real_data/number_of_messages_experiment_1512665672.txt,8,544,71
real_data/number_of_messages_experiment_1512665672.txt,8,488,71
real_data/number_of_messages_experiment_1512665672.txt,8,599,71
real_data/number_of_messages_experiment_1512665672.txt,8,614,71
real_data/number_of_messages_experiment_1512665672.txt,8,558,71
real_data/number_of_messages_experiment_1512665672.txt,8,607,71
real_data/number_of_messages_experiment_1512665672.txt,9,315,36
real_data/number_of_messages_experiment_1512665672.txt,9,291,36
real_data/number_of_messages_experiment_1512665672.txt,9,371,36
real_data/number_of_messages_experiment_1512665672.txt,9,371,36
real_data/number_of_messages_experiment_1512665672.txt,9,387,36
real_data/number_of_messages_experiment_1512665672.txt,9,371,36
real_data/number_of_messages_experiment_1512665672.txt,9,371,36
real_data/number_of_messages_experiment_1512665672.txt,9,395,36
real_data/number_of_messages_experiment_1512665672.txt,9,466,36
real_data/number_of_messages_experiment_1512665672.txt,10,435,47
real_data/number_of_messages_experiment_1512665672.txt,10,426,47
real_data/number_of_messages_experiment_1512665672.txt,10,417,47
real_data/number_of_messages_experiment_1512665672.txt,10,381,47
real_data/number_of_messages_experiment_1512665672.txt,10,479,47
real_data/number_of_messages_experiment_1512665672.txt,10,543,47
real_data/number_of_messages_experiment_1512665672.txt,10,399,47
real_data/number_of_messages_experiment_1512665672.txt,10,570,47
real_data/number_of_messages_experiment_1512665672.txt,10,453,47
real_data/number_of_messages_experiment_1512665672.txt,10,399,47
real_data/number_of_messages_experiment_1512665672.txt,11,173,32
real_data/number_of_messages_experiment_1512665672.txt,11,273,32
real_data/number_of_messages_experiment_1512665672.txt,11,363,32
real_data/number_of_messages_experiment_1512665672.txt,11,282,32
real_data/number_of_messages_experiment_1512665672.txt,11,273,32
real_data/number_of_messages_experiment_1512665672.txt,11,273,32
real_data/number_of_messages_experiment_1512665672.txt,11,283,32
real_data/number_of_messages_experiment_1512665672.txt,11,183,32
real_data/number_of_messages_experiment_1512665672.txt,11,263,32
real_data/number_of_messages_experiment_1512665672.txt,11,293,32
real_data/number_of_messages_experiment_1512665672.txt,11,263,32
real_data/number_of_messages_experiment_1512665672.txt,12,608,54
real_data/number_of_messages_experiment_1512665672.txt,12,586,54
real_data/number_of_messages_experiment_1512665672.txt,12,487,54
real_data/number_of_messages_experiment_1512665672.txt,12,608,54
real_data/number_of_messages_experiment_1512665672.txt,12,596,54
real_data/number_of_messages_experiment_1512665672.txt,12,399,54
real_data/number_of_messages_experiment_1512665672.txt,12,608,54
real_data/number_of_messages_experiment_1512665672.txt,12,597,54
real_data/number_of_messages_experiment_1512665672.txt,12,564,54
real_data/number_of_messages_experiment_1512665672.txt,12,509,54
real_data/number_of_messages_experiment_1512665672.txt,12,542,54
real_data/number_of_messages_experiment_1512665672.txt,12,509,54
real_data/number_of_messages_experiment_1512665672.txt,13,665,58
real_data/number_of_messages_experiment_1512665672.txt,13,785,58
real_data/number_of_messages_experiment_1512665672.txt,13,569,58
real_data/number_of_messages_experiment_1512665672.txt,13,641,58
real_data/number_of_messages_experiment_1512665672.txt,13,785,58
real_data/number_of_messages_experiment_1512665672.txt,13,712,58
real_data/number_of_messages_experiment_1512665672.txt,13,833,58
real_data/number_of_messages_experiment_1512665672.txt,13,689,58
real_data/number_of_messages_experiment_1512665672.txt,13,749,58
real_data/number_of_messages_experiment_1512665672.txt,13,749,58
real_data/number_of_messages_experiment_1512665672.txt,13,761,58
real_data/number_of_messages_experiment_1512665672.txt,13,785,58
real_data/number_of_messages_experiment_1512665672.txt,13,689,58
real_data/number_of_messages_experiment_1512665672.txt,14,720,56
real_data/number_of_messages_experiment_1512665672.txt,14,590,56
real_data/number_of_messages_experiment_1512665672.txt,14,759,56
real_data/number_of_messages_experiment_1512665672.txt,14,590,56
real_data/number_of_messages_experiment_1512665672.txt,14,668,56
real_data/number_of_messages_experiment_1512665672.txt,14,642,56
real_data/number_of_messages_experiment_1512665672.txt,14,746,56
real_data/number_of_messages_experiment_1512665672.txt,14,785,56
real_data/number_of_messages_experiment_1512665672.txt,14,759,56
real_data/number_of_messages_experiment_1512665672.txt,14,707,56
real_data/number_of_messages_experiment_1512665672.txt,14,616,56
real_data/number_of_messages_experiment_1512665672.txt,14,862,56
real_data/number_of_messages_experiment_1512665672.txt,14,707,56
real_data/number_of_messages_experiment_1512665672.txt,14,681,56
real_data/number_of_messages_experiment_1512665672.txt,15,621,53
real_data/number_of_messages_experiment_1512665672.txt,15,509,53
real_data/number_of_messages_experiment_1512665672.txt,15,551,53
real_data/number_of_messages_experiment_1512665672.txt,15,425,53
real_data/number_of_messages_experiment_1512665672.txt,15,481,53
real_data/number_of_messages_experiment_1512665672.txt,15,495,53
real_data/number_of_messages_experiment_1512665672.txt,15,523,53
real_data/number_of_messages_experiment_1512665672.txt,15,607,53
real_data/number_of_messages_experiment_1512665672.txt,15,705,53
real_data/number_of_messages_experiment_1512665672.txt,15,690,53
real_data/number_of_messages_experiment_1512665672.txt,15,635,53
real_data/number_of_messages_experiment_1512665672.txt,15,551,53
real_data/number_of_messages_experiment_1512665672.txt,15,509,53
real_data/number_of_messages_experiment_1512665672.txt,15,579,53
real_data/number_of_messages_experiment_1512665672.txt,15,593,53
real_data/number_of_messages_experiment_1512665672.txt,16,575,41
real_data/number_of_messages_experiment_1512665672.txt,16,530,41
real_data/number_of_messages_experiment_1512665672.txt,16,560,41
real_data/number_of_messages_experiment_1512665672.txt,16,530,41
real_data/number_of_messages_experiment_1512665672.txt,16,545,41
real_data/number_of_messages_experiment_1512665672.txt,16,515,41
real_data/number_of_messages_experiment_1512665672.txt,16,545,41
real_data/number_of_messages_experiment_1512665672.txt,16,455,41
real_data/number_of_messages_experiment_1512665672.txt,16,530,41
real_data/number_of_messages_experiment_1512665672.txt,16,425,41
real_data/number_of_messages_experiment_1512665672.txt,16,560,41
real_data/number_of_messages_experiment_1512665672.txt,16,620,41
real_data/number_of_messages_experiment_1512665672.txt,16,590,41
real_data/number_of_messages_experiment_1512665672.txt,16,365,41
real_data/number_of_messages_experiment_1512665672.txt,16,560,41
real_data/number_of_messages_experiment_1512665672.txt,16,784,41
real_data/number_of_messages_experiment_1512665672.txt,17,1141,94
real_data/number_of_messages_experiment_1512665672.txt,17,1445,94
real_data/number_of_messages_experiment_1512665672.txt,17,1317,94
real_data/number_of_messages_experiment_1512665672.txt,17,1365,94
real_data/number_of_messages_experiment_1512665672.txt,17,1284,94
real_data/number_of_messages_experiment_1512665672.txt,17,1461,94
real_data/number_of_messages_experiment_1512665672.txt,17,1413,94
real_data/number_of_messages_experiment_1512665672.txt,17,1365,94
real_data/number_of_messages_experiment_1512665672.txt,17,1413,94
real_data/number_of_messages_experiment_1512665672.txt,17,1365,94
real_data/number_of_messages_experiment_1512665672.txt,17,1413,94
real_data/number_of_messages_experiment_1512665672.txt,17,1349,94
real_data/number_of_messages_experiment_1512665672.txt,17,1349,94
real_data/number_of_messages_experiment_1512665672.txt,17,1333,94
real_data/number_of_messages_experiment_1512665672.txt,17,1317,94
real_data/number_of_messages_experiment_1512665672.txt,17,1269,94
real_data/number_of_messages_experiment_1512665672.txt,17,1429,94
real_data/number_of_messages_experiment_1512665672.txt,18,1518,99
real_data/number_of_messages_experiment_1512665672.txt,18,1518,99
real_data/number_of_messages_experiment_1512665672.txt,18,1467,99
real_data/number_of_messages_experiment_1512665672.txt,18,1382,99
real_data/number_of_messages_experiment_1512665672.txt,18,1433,99
real_data/number_of_messages_experiment_1512665672.txt,18,1569,99
real_data/number_of_messages_experiment_1512665672.txt,18,1620,99
real_data/number_of_messages_experiment_1512665672.txt,18,1314,99
real_data/number_of_messages_experiment_1512665672.txt,18,1450,99
real_data/number_of_messages_experiment_1512665672.txt,18,1518,99
real_data/number_of_messages_experiment_1512665672.txt,18,1484,99
real_data/number_of_messages_experiment_1512665672.txt,18,1518,99
real_data/number_of_messages_experiment_1512665672.txt,18,1432,99
real_data/number_of_messages_experiment_1512665672.txt,18,1501,99
real_data/number_of_messages_experiment_1512665672.txt,18,1603,99
real_data/number_of_messages_experiment_1512665672.txt,18,1603,99
real_data/number_of_messages_experiment_1512665672.txt,18,1467,99
real_data/number_of_messages_experiment_1512665672.txt,18,1586,99
real_data/number_of_messages_experiment_1512665672.txt,19,1409,76
real_data/number_of_messages_experiment_1512665672.txt,19,1499,76
real_data/number_of_messages_experiment_1512665672.txt,19,1445,76
real_data/number_of_messages_experiment_1512665672.txt,19,1553,76
real_data/number_of_messages_experiment_1512665672.txt,19,1373,76
real_data/number_of_messages_experiment_1512665672.txt,19,1373,76
real_data/number_of_messages_experiment_1512665672.txt,19,1157,76
real_data/number_of_messages_experiment_1512665672.txt,19,1571,76
real_data/number_of_messages_experiment_1512665672.txt,19,1427,76
real_data/number_of_messages_experiment_1512665672.txt,19,1229,76
real_data/number_of_messages_experiment_1512665672.txt,19,1624,76
real_data/number_of_messages_experiment_1512665672.txt,19,1373,76
real_data/number_of_messages_experiment_1512665672.txt,19,1481,76
real_data/number_of_messages_experiment_1512665672.txt,19,1391,76
real_data/number_of_messages_experiment_1512665672.txt,19,1409,76
real_data/number_of_messages_experiment_1512665672.txt,19,1445,76
real_data/number_of_messages_experiment_1512665672.txt,19,1337,76
real_data/number_of_messages_experiment_1512665672.txt,19,1283,76
real_data/number_of_messages_experiment_1512665672.txt,19,1193,76
real_data/number_of_messages_experiment_1512665672.txt,20,1582,83
real_data/number_of_messages_experiment_1512665672.txt,20,1468,83
real_data/number_of_messages_experiment_1512665672.txt,20,1411,83
real_data/number_of_messages_experiment_1512665672.txt,20,1487,83
real_data/number_of_messages_experiment_1512665672.txt,20,1354,83
real_data/number_of_messages_experiment_1512665672.txt,20,1316,83
real_data/number_of_messages_experiment_1512665672.txt,20,1297,83
real_data/number_of_messages_experiment_1512665672.txt,20,1012,83
real_data/number_of_messages_experiment_1512665672.txt,20,1392,83
real_data/number_of_messages_experiment_1512665672.txt,20,1411,83
real_data/number_of_messages_experiment_1512665672.txt,20,1449,83
real_data/number_of_messages_experiment_1512665672.txt,20,1411,83
real_data/number_of_messages_experiment_1512665672.txt,20,1468,83
real_data/number_of_messages_experiment_1512665672.txt,20,1487,83
real_data/number_of_messages_experiment_1512665672.txt,20,1278,83
real_data/number_of_messages_experiment_1512665672.txt,20,1430,83
real_data/number_of_messages_experiment_1512665672.txt,20,1316,83
real_data/number_of_messages_experiment_1512665672.txt,20,1373,83
real_data/number_of_messages_experiment_1512665672.txt,20,1410,83
real_data/number_of_messages_experiment_1512665672.txt,20,1335,83
real_data/number_of_messages_experiment_1512671534.txt,2,149,72
real_data/number_of_messages_experiment_1512671534.txt,2,138,72
real_data/number_of_messages_experiment_1512671534.txt,3,111,33
real_data/number_of_messages_experiment_1512671534.txt,3,97,33
real_data/number_of_messages_experiment_1512671534.txt,3,98,33
real_data/number_of_messages_experiment_1512671534.txt,4,135,34
real_data/number_of_messages_experiment_1512671534.txt,4,150,34
real_data/number_of_messages_experiment_1512671534.txt,4,161,34
real_data/number_of_messages_experiment_1512671534.txt,4,156,34
real_data/number_of_messages_experiment_1512671534.txt,5,151,33
real_data/number_of_messages_experiment_1512671534.txt,5,183,33
real_data/number_of_messages_experiment_1512671534.txt,5,202,33
real_data/number_of_messages_experiment_1512671534.txt,5,163,33
real_data/number_of_messages_experiment_1512671534.txt,5,175,33
real_data/number_of_messages_experiment_1512671534.txt,6,534,87
real_data/number_of_messages_experiment_1512671534.txt,6,475,87
real_data/number_of_messages_experiment_1512671534.txt,6,460,87
real_data/number_of_messages_experiment_1512671534.txt,6,535,87
real_data/number_of_messages_experiment_1512671534.txt,6,475,87
real_data/number_of_messages_experiment_1512671534.txt,6,505,87
real_data/number_of_messages_experiment_1512671534.txt,7,395,70
real_data/number_of_messages_experiment_1512671534.txt,7,365,70
real_data/number_of_messages_experiment_1512671534.txt,7,430,70
real_data/number_of_messages_experiment_1512671534.txt,7,359,70
real_data/number_of_messages_experiment_1512671534.txt,7,377,70
real_data/number_of_messages_experiment_1512671534.txt,7,371,70
real_data/number_of_messages_experiment_1512671534.txt,7,347,70
real_data/number_of_messages_experiment_1512671534.txt,8,432,62
real_data/number_of_messages_experiment_1512671534.txt,8,467,62
real_data/number_of_messages_experiment_1512671534.txt,8,460,62
real_data/number_of_messages_experiment_1512671534.txt,8,404,62
real_data/number_of_messages_experiment_1512671534.txt,8,425,62
real_data/number_of_messages_experiment_1512671534.txt,8,467,62
real_data/number_of_messages_experiment_1512671534.txt,8,460,62
real_data/number_of_messages_experiment_1512671534.txt,8,543,62
real_data/number_of_messages_experiment_1512671534.txt,9,451,49
real_data/number_of_messages_experiment_1512671534.txt,9,451,49
real_data/number_of_messages_experiment_1512671534.txt,9,483,49
real_data/number_of_messages_experiment_1512671534.txt,9,451,49
real_data/number_of_messages_experiment_1512671534.txt,9,395,49
real_data/number_of_messages_experiment_1512671534.txt,9,411,49
real_data/number_of_messages_experiment_1512671534.txt,9,339,49
real_data/number_of_messages_experiment_1512671534.txt,9,378,49
real_data/number_of_messages_experiment_1512671534.txt,9,339,49
real_data/number_of_messages_experiment_1512671534.txt,10,534,56
real_data/number_of_messages_experiment_1512671534.txt,10,462,56
real_data/number_of_messages_experiment_1512671534.txt,10,426,56
real_data/number_of_messages_experiment_1512671534.txt,10,444,56
real_data/number_of_messages_experiment_1512671534.txt,10,273,56
real_data/number_of_messages_experiment_1512671534.txt,10,479,56
real_data/number_of_messages_experiment_1512671534.txt,10,489,56
real_data/number_of_messages_experiment_1512671534.txt,10,480,56
real_data/number_of_messages_experiment_1512671534.txt,10,435,56
real_data/number_of_messages_experiment_1512671534.txt,10,462,56
real_data/number_of_messages_experiment_1512671534.txt,11,665,66
real_data/number_of_messages_experiment_1512671534.txt,11,724,66
real_data/number_of_messages_experiment_1512671534.txt,11,655,66
real_data/number_of_messages_experiment_1512671534.txt,11,705,66
real_data/number_of_messages_experiment_1512671534.txt,11,735,66
real_data/number_of_messages_experiment_1512671534.txt,11,655,66
real_data/number_of_messages_experiment_1512671534.txt,11,675,66
real_data/number_of_messages_experiment_1512671534.txt,11,695,66
real_data/number_of_messages_experiment_1512671534.txt,11,705,66
real_data/number_of_messages_experiment_1512671534.txt,11,655,66
real_data/number_of_messages_experiment_1512671534.txt,11,725,66
real_data/number_of_messages_experiment_1512671534.txt,12,643,59
real_data/number_of_messages_experiment_1512671534.txt,12,730,59
real_data/number_of_messages_experiment_1512671534.txt,12,720,59
real_data/number_of_messages_experiment_1512671534.txt,12,665,59
real_data/number_of_messages_experiment_1512671534.txt,12,665,59
real_data/number_of_messages_experiment_1512671534.txt,12,533,59
real_data/number_of_messages_experiment_1512671534.txt,12,720,59
real_data/number_of_messages_experiment_1512671534.txt,12,555,59
real_data/number_of_messages_experiment_1512671534.txt,12,610,59
real_data/number_of_messages_experiment_1512671534.txt,12,709,59
real_data/number_of_messages_experiment_1512671534.txt,12,621,59
real_data/number_of_messages_experiment_1512671534.txt,12,753,59
real_data/number_of_messages_experiment_1512671534.txt,13,977,77
real_data/number_of_messages_experiment_1512671534.txt,13,929,77
real_data/number_of_messages_experiment_1512671534.txt,13,905,77
real_data/number_of_messages_experiment_1512671534.txt,13,1013,77
real_data/number_of_messages_experiment_1512671534.txt,13,953,77
real_data/number_of_messages_experiment_1512671534.txt,13,989,77
real_data/number_of_messages_experiment_1512671534.txt,13,1085,77
real_data/number_of_messages_experiment_1512671534.txt,13,1025,77
real_data/number_of_messages_experiment_1512671534.txt,13,941,77
real_data/number_of_messages_experiment_1512671534.txt,13,917,77
real_data/number_of_messages_experiment_1512671534.txt,13,1025,77
real_data/number_of_messages_experiment_1512671534.txt,13,941,77
real_data/number_of_messages_experiment_1512671534.txt,13,1000,77
real_data/number_of_messages_experiment_1512671534.txt,14,616,46
real_data/number_of_messages_experiment_1512671534.txt,14,551,46
real_data/number_of_messages_experiment_1512671534.txt,14,447,46
real_data/number_of_messages_experiment_1512671534.txt,14,486,46
real_data/number_of_messages_experiment_1512671534.txt,14,512,46
real_data/number_of_messages_experiment_1512671534.txt,14,434,46
real_data/number_of_messages_experiment_1512671534.txt,14,434,46
real_data/number_of_messages_experiment_1512671534.txt,14,473,46
real_data/number_of_messages_experiment_1512671534.txt,14,486,46
real_data/number_of_messages_experiment_1512671534.txt,14,499,46
real_data/number_of_messages_experiment_1512671534.txt,14,563,46
real_data/number_of_messages_experiment_1512671534.txt,14,421,46
real_data/number_of_messages_experiment_1512671534.txt,14,395,46
real_data/number_of_messages_experiment_1512671534.txt,14,512,46
real_data/number_of_messages_experiment_1512671534.txt,15,957,77
real_data/number_of_messages_experiment_1512671534.txt,15,831,77
real_data/number_of_messages_experiment_1512671534.txt,15,985,77
real_data/number_of_messages_experiment_1512671534.txt,15,873,77
real_data/number_of_messages_experiment_1512671534.txt,15,943,77
real_data/number_of_messages_experiment_1512671534.txt,15,873,77
real_data/number_of_messages_experiment_1512671534.txt,15,957,77
real_data/number_of_messages_experiment_1512671534.txt,15,1097,77
real_data/number_of_messages_experiment_1512671534.txt,15,1054,77
real_data/number_of_messages_experiment_1512671534.txt,15,915,77
real_data/number_of_messages_experiment_1512671534.txt,15,929,77
real_data/number_of_messages_experiment_1512671534.txt,15,761,77
real_data/number_of_messages_experiment_1512671534.txt,15,999,77
real_data/number_of_messages_experiment_1512671534.txt,15,943,77
real_data/number_of_messages_experiment_1512671534.txt,15,957,77
real_data/number_of_messages_experiment_1512671534.txt,16,1340,77
real_data/number_of_messages_experiment_1512671534.txt,16,1265,77
real_data/number_of_messages_experiment_1512671534.txt,16,1310,77
real_data/number_of_messages_experiment_1512671534.txt,16,1190,77
real_data/number_of_messages_experiment_1512671534.txt,16,1145,77
real_data/number_of_messages_experiment_1512671534.txt,16,1265,77
real_data/number_of_messages_experiment_1512671534.txt,16,1235,77
real_data/number_of_messages_experiment_1512671534.txt,16,1040,77
real_data/number_of_messages_experiment_1512671534.txt,16,1310,77
real_data/number_of_messages_experiment_1512671534.txt,16,1310,77
real_data/number_of_messages_experiment_1512671534.txt,16,1265,77
real_data/number_of_messages_experiment_1512671534.txt,16,1355,77
real_data/number_of_messages_experiment_1512671534.txt,16,1295,77
real_data/number_of_messages_experiment_1512671534.txt,16,1250,77
real_data/number_of_messages_experiment_1512671534.txt,16,1370,77
real_data/number_of_messages_experiment_1512671534.txt,16,1444,77
real_data/number_of_messages_experiment_1512671534.txt,17,1461,96
real_data/number_of_messages_experiment_1512671534.txt,17,1492,96
real_data/number_of_messages_experiment_1512671534.txt,17,1621,96
real_data/number_of_messages_experiment_1512671534.txt,17,1445,96
real_data/number_of_messages_experiment_1512671534.txt,17,1557,96
real_data/number_of_messages_experiment_1512671534.txt,17,1445,96
real_data/number_of_messages_experiment_1512671534.txt,17,1525,96
real_data/number_of_messages_experiment_1512671534.txt,17,1493,96
real_data/number_of_messages_experiment_1512671534.txt,17,1541,96
real_data/number_of_messages_experiment_1512671534.txt,17,1477,96
real_data/number_of_messages_experiment_1512671534.txt,17,1557,96
real_data/number_of_messages_experiment_1512671534.txt,17,1333,96
real_data/number_of_messages_experiment_1512671534.txt,17,1445,96
real_data/number_of_messages_experiment_1512671534.txt,17,1301,96
real_data/number_of_messages_experiment_1512671534.txt,17,1349,96
real_data/number_of_messages_experiment_1512671534.txt,17,1589,96
real_data/number_of_messages_experiment_1512671534.txt,17,1477,96
real_data/number_of_messages_experiment_1512671534.txt,18,1331,74
real_data/number_of_messages_experiment_1512671534.txt,18,1161,74
real_data/number_of_messages_experiment_1512671534.txt,18,1025,74
real_data/number_of_messages_experiment_1512671534.txt,18,1161,74
real_data/number_of_messages_experiment_1512671534.txt,18,1144,74
real_data/number_of_messages_experiment_1512671534.txt,18,1076,74
real_data/number_of_messages_experiment_1512671534.txt,18,1246,74
real_data/number_of_messages_experiment_1512671534.txt,18,1195,74
real_data/number_of_messages_experiment_1512671534.txt,18,1195,74
real_data/number_of_messages_experiment_1512671534.txt,18,1093,74
real_data/number_of_messages_experiment_1512671534.txt,18,1025,74
real_data/number_of_messages_experiment_1512671534.txt,18,1212,74
real_data/number_of_messages_experiment_1512671534.txt,18,1059,74
real_data/number_of_messages_experiment_1512671534.txt,18,1296,74
real_data/number_of_messages_experiment_1512671534.txt,18,1195,74
real_data/number_of_messages_experiment_1512671534.txt,18,1059,74
real_data/number_of_messages_experiment_1512671534.txt,18,1161,74
real_data/number_of_messages_experiment_1512671534.txt,18,1144,74
real_data/number_of_messages_experiment_1512671534.txt,19,1625,104
real_data/number_of_messages_experiment_1512671534.txt,19,1607,104
real_data/number_of_messages_experiment_1512671534.txt,19,1786,104
real_data/number_of_messages_experiment_1512671534.txt,19,1607,104
real_data/number_of_messages_experiment_1512671534.txt,19,1679,104
real_data/number_of_messages_experiment_1512671534.txt,19,1499,104
real_data/number_of_messages_experiment_1512671534.txt,19,1589,104
real_data/number_of_messages_experiment_1512671534.txt,19,1643,104
real_data/number_of_messages_experiment_1512671534.txt,19,1625,104
real_data/number_of_messages_experiment_1512671534.txt,19,1697,104
real_data/number_of_messages_experiment_1512671534.txt,19,1553,104
real_data/number_of_messages_experiment_1512671534.txt,19,1589,104
real_data/number_of_messages_experiment_1512671534.txt,19,1823,104
real_data/number_of_messages_experiment_1512671534.txt,19,1733,104
real_data/number_of_messages_experiment_1512671534.txt,19,1643,104
real_data/number_of_messages_experiment_1512671534.txt,19,1607,104
real_data/number_of_messages_experiment_1512671534.txt,19,1589,104
real_data/number_of_messages_experiment_1512671534.txt,19,1535,104
real_data/number_of_messages_experiment_1512671534.txt,19,1679,104
real_data/number_of_messages_experiment_1512671534.txt,20,1544,90
real_data/number_of_messages_experiment_1512671534.txt,20,1373,90
real_data/number_of_messages_experiment_1512671534.txt,20,1449,90
real_data/number_of_messages_experiment_1512671534.txt,20,1297,90
real_data/number_of_messages_experiment_1512671534.txt,20,1259,90
real_data/number_of_messages_experiment_1512671534.txt,20,1487,90
real_data/number_of_messages_experiment_1512671534.txt,20,1354,90
real_data/number_of_messages_experiment_1512671534.txt,20,1468,90
real_data/number_of_messages_experiment_1512671534.txt,20,1601,90
real_data/number_of_messages_experiment_1512671534.txt,20,1430,90
real_data/number_of_messages_experiment_1512671534.txt,20,1525,90
real_data/number_of_messages_experiment_1512671534.txt,20,1506,90
real_data/number_of_messages_experiment_1512671534.txt,20,1449,90
real_data/number_of_messages_experiment_1512671534.txt,20,1544,90
real_data/number_of_messages_experiment_1512671534.txt,20,1373,90
real_data/number_of_messages_experiment_1512671534.txt,20,1544,90
real_data/number_of_messages_experiment_1512671534.txt,20,1563,90
real_data/number_of_messages_experiment_1512671534.txt,20,1240,90
real_data/number_of_messages_experiment_1512671534.txt,20,1733,90
real_data/number_of_messages_experiment_1512671534.txt,20,1354,90
real_data/number_of_messages_experiment_1512732221.txt,2,114,56
real_data/number_of_messages_experiment_1512732221.txt,2,114,56
real_data/number_of_messages_experiment_1512732221.txt,3,82,29
real_data/number_of_messages_experiment_1512732221.txt,3,109,29
real_data/number_of_messages_experiment_1512732221.txt,3,93,29
real_data/number_of_messages_experiment_1512732221.txt,4,197,44
real_data/number_of_messages_experiment_1512732221.txt,4,189,44
real_data/number_of_messages_experiment_1512732221.txt,4,183,44
real_data/number_of_messages_experiment_1512732221.txt,4,192,44
real_data/number_of_messages_experiment_1512732221.txt,5,119,30
real_data/number_of_messages_experiment_1512732221.txt,5,119,30
real_data/number_of_messages_experiment_1512732221.txt,5,119,30
real_data/number_of_messages_experiment_1512732221.txt,5,147,30
real_data/number_of_messages_experiment_1512732221.txt,5,178,30
real_data/number_of_messages_experiment_1512732221.txt,6,360,63
real_data/number_of_messages_experiment_1512732221.txt,6,370,63
real_data/number_of_messages_experiment_1512732221.txt,6,375,63
real_data/number_of_messages_experiment_1512732221.txt,6,369,63
real_data/number_of_messages_experiment_1512732221.txt,6,370,63
real_data/number_of_messages_experiment_1512732221.txt,6,375,63
real_data/number_of_messages_experiment_1512732221.txt,7,239,34
real_data/number_of_messages_experiment_1512732221.txt,7,173,34
real_data/number_of_messages_experiment_1512732221.txt,7,166,34
real_data/number_of_messages_experiment_1512732221.txt,7,191,34
real_data/number_of_messages_experiment_1512732221.txt,7,245,34
real_data/number_of_messages_experiment_1512732221.txt,7,221,34
real_data/number_of_messages_experiment_1512732221.txt,7,221,34
real_data/number_of_messages_experiment_1512732221.txt,8,257,40
real_data/number_of_messages_experiment_1512732221.txt,8,257,40
real_data/number_of_messages_experiment_1512732221.txt,8,313,40
real_data/number_of_messages_experiment_1512732221.txt,8,257,40
real_data/number_of_messages_experiment_1512732221.txt,8,355,40
real_data/number_of_messages_experiment_1512732221.txt,8,278,40
real_data/number_of_messages_experiment_1512732221.txt,8,326,40
real_data/number_of_messages_experiment_1512732221.txt,8,341,40
real_data/number_of_messages_experiment_1512732221.txt,9,403,56
real_data/number_of_messages_experiment_1512732221.txt,9,459,56
real_data/number_of_messages_experiment_1512732221.txt,9,498,56
real_data/number_of_messages_experiment_1512732221.txt,9,347,56
real_data/number_of_messages_experiment_1512732221.txt,9,395,56
real_data/number_of_messages_experiment_1512732221.txt,9,403,56
real_data/number_of_messages_experiment_1512732221.txt,9,459,56
real_data/number_of_messages_experiment_1512732221.txt,9,443,56
real_data/number_of_messages_experiment_1512732221.txt,9,507,56
real_data/number_of_messages_experiment_1512732221.txt,10,968,107
real_data/number_of_messages_experiment_1512732221.txt,10,1004,107
real_data/number_of_messages_experiment_1512732221.txt,10,1058,107
real_data/number_of_messages_experiment_1512732221.txt,10,1040,107
real_data/number_of_messages_experiment_1512732221.txt,10,1067,107
real_data/number_of_messages_experiment_1512732221.txt,10,1102,107
real_data/number_of_messages_experiment_1512732221.txt,10,950,107
real_data/number_of_messages_experiment_1512732221.txt,10,1103,107
real_data/number_of_messages_experiment_1512732221.txt,10,923,107
real_data/number_of_messages_experiment_1512732221.txt,10,1013,107
real_data/number_of_messages_experiment_1512732221.txt,11,755,69
real_data/number_of_messages_experiment_1512732221.txt,11,605,69
real_data/number_of_messages_experiment_1512732221.txt,11,775,69
real_data/number_of_messages_experiment_1512732221.txt,11,685,69
real_data/number_of_messages_experiment_1512732221.txt,11,725,69
real_data/number_of_messages_experiment_1512732221.txt,11,765,69
real_data/number_of_messages_experiment_1512732221.txt,11,725,69
real_data/number_of_messages_experiment_1512732221.txt,11,815,69
real_data/number_of_messages_experiment_1512732221.txt,11,625,69
real_data/number_of_messages_experiment_1512732221.txt,11,814,69
real_data/number_of_messages_experiment_1512732221.txt,11,835,69
real_data/number_of_messages_experiment_1512732221.txt,12,1105,97
real_data/number_of_messages_experiment_1512732221.txt,12,1127,97
real_data/number_of_messages_experiment_1512732221.txt,12,1148,97
real_data/number_of_messages_experiment_1512732221.txt,12,1204,97
real_data/number_of_messages_experiment_1512732221.txt,12,1149,97
real_data/number_of_messages_experiment_1512732221.txt,12,1127,97
real_data/number_of_messages_experiment_1512732221.txt,12,1050,97
real_data/number_of_messages_experiment_1512732221.txt,12,1138,97
real_data/number_of_messages_experiment_1512732221.txt,12,1105,97
real_data/number_of_messages_experiment_1512732221.txt,12,1215,97
real_data/number_of_messages_experiment_1512732221.txt,12,1149,97
real_data/number_of_messages_experiment_1512732221.txt,12,1039,97
real_data/number_of_messages_experiment_1512732221.txt,13,989,81
real_data/number_of_messages_experiment_1512732221.txt,13,953,81
real_data/number_of_messages_experiment_1512732221.txt,13,1037,81
real_data/number_of_messages_experiment_1512732221.txt,13,965,81
real_data/number_of_messages_experiment_1512732221.txt,13,857,81
real_data/number_of_messages_experiment_1512732221.txt,13,977,81
real_data/number_of_messages_experiment_1512732221.txt,13,1025,81
real_data/number_of_messages_experiment_1512732221.txt,13,1013,81
real_data/number_of_messages_experiment_1512732221.txt,13,1133,81
real_data/number_of_messages_experiment_1512732221.txt,13,905,81
real_data/number_of_messages_experiment_1512732221.txt,13,1001,81
real_data/number_of_messages_experiment_1512732221.txt,13,1000,81
real_data/number_of_messages_experiment_1512732221.txt,13,1001,81
real_data/number_of_messages_experiment_1512732221.txt,14,720,47
real_data/number_of_messages_experiment_1512732221.txt,14,733,47
real_data/number_of_messages_experiment_1512732221.txt,14,707,47
real_data/number_of_messages_experiment_1512732221.txt,14,798,47
real_data/number_of_messages_experiment_1512732221.txt,14,642,47
real_data/number_of_messages_experiment_1512732221.txt,14,460,47
real_data/number_of_messages_experiment_1512732221.txt,14,733,47
real_data/number_of_messages_experiment_1512732221.txt,14,733,47
real_data/number_of_messages_experiment_1512732221.txt,14,681,47
real_data/number_of_messages_experiment_1512732221.txt,14,694,47
real_data/number_of_messages_experiment_1512732221.txt,14,629,47
real_data/number_of_messages_experiment_1512732221.txt,14,785,47
real_data/number_of_messages_experiment_1512732221.txt,14,706,47
real_data/number_of_messages_experiment_1512732221.txt,14,577,47
real_data/number_of_messages_experiment_1512732221.txt,15,915,73
real_data/number_of_messages_experiment_1512732221.txt,15,873,73
real_data/number_of_messages_experiment_1512732221.txt,15,873,73
real_data/number_of_messages_experiment_1512732221.txt,15,971,73
real_data/number_of_messages_experiment_1512732221.txt,15,859,73
real_data/number_of_messages_experiment_1512732221.txt,15,747,73
real_data/number_of_messages_experiment_1512732221.txt,15,817,73
real_data/number_of_messages_experiment_1512732221.txt,15,887,73
real_data/number_of_messages_experiment_1512732221.txt,15,677,73
real_data/number_of_messages_experiment_1512732221.txt,15,873,73
real_data/number_of_messages_experiment_1512732221.txt,15,1013,73
real_data/number_of_messages_experiment_1512732221.txt,15,943,73
real_data/number_of_messages_experiment_1512732221.txt,15,845,73
real_data/number_of_messages_experiment_1512732221.txt,15,915,73
real_data/number_of_messages_experiment_1512732221.txt,15,1040,73
real_data/number_of_messages_experiment_1512732221.txt,16,605,40
real_data/number_of_messages_experiment_1512732221.txt,16,455,40
real_data/number_of_messages_experiment_1512732221.txt,16,455,40
real_data/number_of_messages_experiment_1512732221.txt,16,560,40
real_data/number_of_messages_experiment_1512732221.txt,16,530,40
real_data/number_of_messages_experiment_1512732221.txt,16,710,40
real_data/number_of_messages_experiment_1512732221.txt,16,545,40
real_data/number_of_messages_experiment_1512732221.txt,16,649,40
real_data/number_of_messages_experiment_1512732221.txt,16,560,40
real_data/number_of_messages_experiment_1512732221.txt,16,530,40
real_data/number_of_messages_experiment_1512732221.txt,16,590,40
real_data/number_of_messages_experiment_1512732221.txt,16,560,40
real_data/number_of_messages_experiment_1512732221.txt,16,575,40
real_data/number_of_messages_experiment_1512732221.txt,16,545,40
real_data/number_of_messages_experiment_1512732221.txt,16,485,40
real_data/number_of_messages_experiment_1512732221.txt,16,560,40
real_data/number_of_messages_experiment_1512732221.txt,17,2919,191
real_data/number_of_messages_experiment_1512732221.txt,17,2711,191
real_data/number_of_messages_experiment_1512732221.txt,17,2903,191
real_data/number_of_messages_experiment_1512732221.txt,17,2839,191
real_data/number_of_messages_experiment_1512732221.txt,17,2935,191
real_data/number_of_messages_experiment_1512732221.txt,17,2855,191
real_data/number_of_messages_experiment_1512732221.txt,17,2807,191
real_data/number_of_messages_experiment_1512732221.txt,17,2839,191
real_data/number_of_messages_experiment_1512732221.txt,17,2822,191
real_data/number_of_messages_experiment_1512732221.txt,17,2903,191
real_data/number_of_messages_experiment_1512732221.txt,17,2935,191
real_data/number_of_messages_experiment_1512732221.txt,17,2839,191
real_data/number_of_messages_experiment_1512732221.txt,17,2871,191
real_data/number_of_messages_experiment_1512732221.txt,17,2983,191
real_data/number_of_messages_experiment_1512732221.txt,17,2839,191
real_data/number_of_messages_experiment_1512732221.txt,17,2935,191
real_data/number_of_messages_experiment_1512732221.txt,17,2855,191
real_data/number_of_messages_experiment_1512732221.txt,18,1552,99
real_data/number_of_messages_experiment_1512732221.txt,18,1824,99
real_data/number_of_messages_experiment_1512732221.txt,18,1637,99
real_data/number_of_messages_experiment_1512732221.txt,18,1756,99
real_data/number_of_messages_experiment_1512732221.txt,18,1739,99
real_data/number_of_messages_experiment_1512732221.txt,18,1722,99
real_data/number_of_messages_experiment_1512732221.txt,18,1755,99
real_data/number_of_messages_experiment_1512732221.txt,18,1909,99
real_data/number_of_messages_experiment_1512732221.txt,18,1807,99
real_data/number_of_messages_experiment_1512732221.txt,18,1688,99
real_data/number_of_messages_experiment_1512732221.txt,18,1620,99
real_data/number_of_messages_experiment_1512732221.txt,18,1858,99
real_data/number_of_messages_experiment_1512732221.txt,18,1773,99
real_data/number_of_messages_experiment_1512732221.txt,18,1824,99
real_data/number_of_messages_experiment_1512732221.txt,18,1739,99
real_data/number_of_messages_experiment_1512732221.txt,18,1858,99
real_data/number_of_messages_experiment_1512732221.txt,18,1688,99
real_data/number_of_messages_experiment_1512732221.txt,18,1790,99
real_data/number_of_messages_experiment_1512732221.txt,19,1319,96
real_data/number_of_messages_experiment_1512732221.txt,19,1535,96
real_data/number_of_messages_experiment_1512732221.txt,19,1733,96
real_data/number_of_messages_experiment_1512732221.txt,19,1625,96
real_data/number_of_messages_experiment_1512732221.txt,19,1715,96
real_data/number_of_messages_experiment_1512732221.txt,19,1517,96
real_data/number_of_messages_experiment_1512732221.txt,19,1697,96
real_data/number_of_messages_experiment_1512732221.txt,19,1643,96
real_data/number_of_messages_experiment_1512732221.txt,19,1355,96
real_data/number_of_messages_experiment_1512732221.txt,19,1625,96
real_data/number_of_messages_experiment_1512732221.txt,19,1732,96
real_data/number_of_messages_experiment_1512732221.txt,19,1535,96
real_data/number_of_messages_experiment_1512732221.txt,19,1751,96
real_data/number_of_messages_experiment_1512732221.txt,19,1805,96
real_data/number_of_messages_experiment_1512732221.txt,19,1769,96
real_data/number_of_messages_experiment_1512732221.txt,19,1661,96
real_data/number_of_messages_experiment_1512732221.txt,19,1535,96
real_data/number_of_messages_experiment_1512732221.txt,19,1769,96
real_data/number_of_messages_experiment_1512732221.txt,19,1625,96
real_data/number_of_messages_experiment_1512732221.txt,20,1088,76
real_data/number_of_messages_experiment_1512732221.txt,20,1449,76
real_data/number_of_messages_experiment_1512732221.txt,20,1373,76
real_data/number_of_messages_experiment_1512732221.txt,20,1316,76
real_data/number_of_messages_experiment_1512732221.txt,20,1506,76
real_data/number_of_messages_experiment_1512732221.txt,20,1297,76
real_data/number_of_messages_experiment_1512732221.txt,20,1240,76
real_data/number_of_messages_experiment_1512732221.txt,20,1297,76
real_data/number_of_messages_experiment_1512732221.txt,20,1316,76
real_data/number_of_messages_experiment_1512732221.txt,20,1506,76
real_data/number_of_messages_experiment_1512732221.txt,20,1373,76
real_data/number_of_messages_experiment_1512732221.txt,20,1468,76
real_data/number_of_messages_experiment_1512732221.txt,20,1259,76
real_data/number_of_messages_experiment_1512732221.txt,20,1411,76
real_data/number_of_messages_experiment_1512732221.txt,20,1449,76
real_data/number_of_messages_experiment_1512732221.txt,20,1563,76
real_data/number_of_messages_experiment_1512732221.txt,20,1373,76
real_data/number_of_messages_experiment_1512732221.txt,20,1278,76
real_data/number_of_messages_experiment_1512732221.txt,20,1335,76
real_data/number_of_messages_experiment_1512732221.txt,20,1581,76
real_data/number_of_messages_experiment_1512680480.txt,2,23,11
real_data/number_of_messages_experiment_1512680480.txt,2,32,11
real_data/number_of_messages_experiment_1512680480.txt,3,98,26
real_data/number_of_messages_experiment_1512680480.txt,3,85,26
real_data/number_of_messages_experiment_1512680480.txt,3,91,26
real_data/number_of_messages_experiment_1512680480.txt,4,182,49
real_data/number_of_messages_experiment_1512680480.txt,4,208,49
real_data/number_of_messages_experiment_1512680480.txt,4,203,49
real_data/number_of_messages_experiment_1512680480.txt,4,218,49
real_data/number_of_messages_experiment_1512680480.txt,5,181,39
real_data/number_of_messages_experiment_1512680480.txt,5,200,39
real_data/number_of_messages_experiment_1512680480.txt,5,189,39
real_data/number_of_messages_experiment_1512680480.txt,5,197,39
real_data/number_of_messages_experiment_1512680480.txt,5,217,39
real_data/number_of_messages_experiment_1512680480.txt,6,319,53
real_data/number_of_messages_experiment_1512680480.txt,6,280,53
real_data/number_of_messages_experiment_1512680480.txt,6,265,53
real_data/number_of_messages_experiment_1512680480.txt,6,285,53
real_data/number_of_messages_experiment_1512680480.txt,6,290,53
real_data/number_of_messages_experiment_1512680480.txt,6,285,53
real_data/number_of_messages_experiment_1512680480.txt,7,334,51
real_data/number_of_messages_experiment_1512680480.txt,7,329,51
real_data/number_of_messages_experiment_1512680480.txt,7,353,51
real_data/number_of_messages_experiment_1512680480.txt,7,323,51
real_data/number_of_messages_experiment_1512680480.txt,7,341,51
real_data/number_of_messages_experiment_1512680480.txt,7,275,51
real_data/number_of_messages_experiment_1512680480.txt,7,347,51
real_data/number_of_messages_experiment_1512680480.txt,8,755,94
real_data/number_of_messages_experiment_1512680480.txt,8,644,94
real_data/number_of_messages_experiment_1512680480.txt,8,714,94
real_data/number_of_messages_experiment_1512680480.txt,8,714,94
real_data/number_of_messages_experiment_1512680480.txt,8,714,94
real_data/number_of_messages_experiment_1512680480.txt,8,700,94
real_data/number_of_messages_experiment_1512680480.txt,8,651,94
real_data/number_of_messages_experiment_1512680480.txt,8,665,94
real_data/number_of_messages_experiment_1512680480.txt,9,299,37
real_data/number_of_messages_experiment_1512680480.txt,9,259,37
real_data/number_of_messages_experiment_1512680480.txt,9,267,37
real_data/number_of_messages_experiment_1512680480.txt,9,259,37
real_data/number_of_messages_experiment_1512680480.txt,9,219,37
real_data/number_of_messages_experiment_1512680480.txt,9,370,37
real_data/number_of_messages_experiment_1512680480.txt,9,315,37
real_data/number_of_messages_experiment_1512680480.txt,9,299,37
real_data/number_of_messages_experiment_1512680480.txt,9,315,37
real_data/number_of_messages_experiment_1512680480.txt,10,444,42
real_data/number_of_messages_experiment_1512680480.txt,10,552,42
real_data/number_of_messages_experiment_1512680480.txt,10,498,42
real_data/number_of_messages_experiment_1512680480.txt,10,506,42
real_data/number_of_messages_experiment_1512680480.txt,10,444,42
real_data/number_of_messages_experiment_1512680480.txt,10,462,42
real_data/number_of_messages_experiment_1512680480.txt,10,390,42
real_data/number_of_messages_experiment_1512680480.txt,10,552,42
real_data/number_of_messages_experiment_1512680480.txt,10,381,42
real_data/number_of_messages_experiment_1512680480.txt,10,480,42
real_data/number_of_messages_experiment_1512680480.txt,11,795,96
real_data/number_of_messages_experiment_1512680480.txt,11,945,96
real_data/number_of_messages_experiment_1512680480.txt,11,845,96
real_data/number_of_messages_experiment_1512680480.txt,11,935,96
real_data/number_of_messages_experiment_1512680480.txt,11,875,96
real_data/number_of_messages_experiment_1512680480.txt,11,805,96
real_data/number_of_messages_experiment_1512680480.txt,11,875,96
real_data/number_of_messages_experiment_1512680480.txt,11,935,96
real_data/number_of_messages_experiment_1512680480.txt,11,914,96
real_data/number_of_messages_experiment_1512680480.txt,11,975,96
real_data/number_of_messages_experiment_1512680480.txt,11,775,96
real_data/number_of_messages_experiment_1512680480.txt,12,465,39
real_data/number_of_messages_experiment_1512680480.txt,12,498,39
real_data/number_of_messages_experiment_1512680480.txt,12,575,39
real_data/number_of_messages_experiment_1512680480.txt,12,443,39
real_data/number_of_messages_experiment_1512680480.txt,12,322,39
real_data/number_of_messages_experiment_1512680480.txt,12,421,39
real_data/number_of_messages_experiment_1512680480.txt,12,333,39
real_data/number_of_messages_experiment_1512680480.txt,12,311,39
real_data/number_of_messages_experiment_1512680480.txt,12,508,39
real_data/number_of_messages_experiment_1512680480.txt,12,410,39
real_data/number_of_messages_experiment_1512680480.txt,12,432,39
real_data/number_of_messages_experiment_1512680480.txt,12,454,39
real_data/number_of_messages_experiment_1512680480.txt,13,1384,106
real_data/number_of_messages_experiment_1512680480.txt,13,1265,106
real_data/number_of_messages_experiment_1512680480.txt,13,1265,106
real_data/number_of_messages_experiment_1512680480.txt,13,1241,106
real_data/number_of_messages_experiment_1512680480.txt,13,1217,106
real_data/number_of_messages_experiment_1512680480.txt,13,1157,106
real_data/number_of_messages_experiment_1512680480.txt,13,1205,106
real_data/number_of_messages_experiment_1512680480.txt,13,1313,106
real_data/number_of_messages_experiment_1512680480.txt,13,1241,106
real_data/number_of_messages_experiment_1512680480.txt,13,1277,106
real_data/number_of_messages_experiment_1512680480.txt,13,1133,106
real_data/number_of_messages_experiment_1512680480.txt,13,1313,106
real_data/number_of_messages_experiment_1512680480.txt,13,1253,106
real_data/number_of_messages_experiment_1512680480.txt,14,941,81
real_data/number_of_messages_experiment_1512680480.txt,14,993,81
real_data/number_of_messages_experiment_1512680480.txt,14,993,81
real_data/number_of_messages_experiment_1512680480.txt,14,954,81
real_data/number_of_messages_experiment_1512680480.txt,14,876,81
real_data/number_of_messages_experiment_1512680480.txt,14,967,81
real_data/number_of_messages_experiment_1512680480.txt,14,1005,81
real_data/number_of_messages_experiment_1512680480.txt,14,915,81
real_data/number_of_messages_experiment_1512680480.txt,14,928,81
real_data/number_of_messages_experiment_1512680480.txt,14,941,81
real_data/number_of_messages_experiment_1512680480.txt,14,954,81
real_data/number_of_messages_experiment_1512680480.txt,14,993,81
real_data/number_of_messages_experiment_1512680480.txt,14,954,81
real_data/number_of_messages_experiment_1512680480.txt,14,980,81
real_data/number_of_messages_experiment_1512680480.txt,15,1349,112
real_data/number_of_messages_experiment_1512680480.txt,15,1209,112
real_data/number_of_messages_experiment_1512680480.txt,15,1111,112
real_data/number_of_messages_experiment_1512680480.txt,15,1293,112
real_data/number_of_messages_experiment_1512680480.txt,15,1237,112
real_data/number_of_messages_experiment_1512680480.txt,15,1223,112
real_data/number_of_messages_experiment_1512680480.txt,15,1195,112
real_data/number_of_messages_experiment_1512680480.txt,15,1293,112
real_data/number_of_messages_experiment_1512680480.txt,15,1265,112
real_data/number_of_messages_experiment_1512680480.txt,15,1069,112
real_data/number_of_messages_experiment_1512680480.txt,15,1237,112
real_data/number_of_messages_experiment_1512680480.txt,15,1293,112
real_data/number_of_messages_experiment_1512680480.txt,15,1223,112
real_data/number_of_messages_experiment_1512680480.txt,15,1376,112
real_data/number_of_messages_experiment_1512680480.txt,15,1223,112
real_data/number_of_messages_experiment_1512680480.txt,16,1070,86
real_data/number_of_messages_experiment_1512680480.txt,16,1040,86
real_data/number_of_messages_experiment_1512680480.txt,16,1175,86
real_data/number_of_messages_experiment_1512680480.txt,16,1175,86
real_data/number_of_messages_experiment_1512680480.txt,16,980,86
real_data/number_of_messages_experiment_1512680480.txt,16,1324,86
real_data/number_of_messages_experiment_1512680480.txt,16,1325,86
real_data/number_of_messages_experiment_1512680480.txt,16,1145,86
real_data/number_of_messages_experiment_1512680480.txt,16,1190,86
real_data/number_of_messages_experiment_1512680480.txt,16,1145,86
real_data/number_of_messages_experiment_1512680480.txt,16,980,86
real_data/number_of_messages_experiment_1512680480.txt,16,1175,86
real_data/number_of_messages_experiment_1512680480.txt,16,1190,86
real_data/number_of_messages_experiment_1512680480.txt,16,1100,86
real_data/number_of_messages_experiment_1512680480.txt,16,1160,86
real_data/number_of_messages_experiment_1512680480.txt,16,1250,86
real_data/number_of_messages_experiment_1512680480.txt,17,1413,100
real_data/number_of_messages_experiment_1512680480.txt,17,1653,100
real_data/number_of_messages_experiment_1512680480.txt,17,1525,100
real_data/number_of_messages_experiment_1512680480.txt,17,1589,100
real_data/number_of_messages_experiment_1512680480.txt,17,1445,100
real_data/number_of_messages_experiment_1512680480.txt,17,1461,100
real_data/number_of_messages_experiment_1512680480.txt,17,1493,100
real_data/number_of_messages_experiment_1512680480.txt,17,1669,100
real_data/number_of_messages_experiment_1512680480.txt,17,1653,100
real_data/number_of_messages_experiment_1512680480.txt,17,1445,100
real_data/number_of_messages_experiment_1512680480.txt,17,1477,100
real_data/number_of_messages_experiment_1512680480.txt,17,1189,100
real_data/number_of_messages_experiment_1512680480.txt,17,1381,100
real_data/number_of_messages_experiment_1512680480.txt,17,1477,100
real_data/number_of_messages_experiment_1512680480.txt,17,1461,100
real_data/number_of_messages_experiment_1512680480.txt,17,1444,100
real_data/number_of_messages_experiment_1512680480.txt,17,1493,100
real_data/number_of_messages_experiment_1512680480.txt,18,887,56
real_data/number_of_messages_experiment_1512680480.txt,18,836,56
real_data/number_of_messages_experiment_1512680480.txt,18,717,56
real_data/number_of_messages_experiment_1512680480.txt,18,734,56
real_data/number_of_messages_experiment_1512680480.txt,18,819,56
real_data/number_of_messages_experiment_1512680480.txt,18,836,56
real_data/number_of_messages_experiment_1512680480.txt,18,954,56
real_data/number_of_messages_experiment_1512680480.txt,18,836,56
real_data/number_of_messages_experiment_1512680480.txt,18,887,56
real_data/number_of_messages_experiment_1512680480.txt,18,751,56
real_data/number_of_messages_experiment_1512680480.txt,18,751,56
real_data/number_of_messages_experiment_1512680480.txt,18,785,56
real_data/number_of_messages_experiment_1512680480.txt,18,649,56
real_data/number_of_messages_experiment_1512680480.txt,18,819,56
real_data/number_of_messages_experiment_1512680480.txt,18,1006,56
real_data/number_of_messages_experiment_1512680480.txt,18,853,56
real_data/number_of_messages_experiment_1512680480.txt,18,734,56
real_data/number_of_messages_experiment_1512680480.txt,18,853,56
real_data/number_of_messages_experiment_1512680480.txt,19,1589,101
real_data/number_of_messages_experiment_1512680480.txt,19,1481,101
real_data/number_of_messages_experiment_1512680480.txt,19,1553,101
real_data/number_of_messages_experiment_1512680480.txt,19,1337,101
real_data/number_of_messages_experiment_1512680480.txt,19,1553,101
real_data/number_of_messages_experiment_1512680480.txt,19,1571,101
real_data/number_of_messages_experiment_1512680480.txt,19,1553,101
real_data/number_of_messages_experiment_1512680480.txt,19,1589,101
real_data/number_of_messages_experiment_1512680480.txt,19,1624,101
real_data/number_of_messages_experiment_1512680480.txt,19,1355,101
real_data/number_of_messages_experiment_1512680480.txt,19,1517,101
real_data/number_of_messages_experiment_1512680480.txt,19,1499,101
real_data/number_of_messages_experiment_1512680480.txt,19,1337,101
real_data/number_of_messages_experiment_1512680480.txt,19,1481,101
real_data/number_of_messages_experiment_1512680480.txt,19,1463,101
real_data/number_of_messages_experiment_1512680480.txt,19,1553,101
real_data/number_of_messages_experiment_1512680480.txt,19,1427,101
real_data/number_of_messages_experiment_1512680480.txt,19,1463,101
real_data/number_of_messages_experiment_1512680480.txt,19,1265,101
real_data/number_of_messages_experiment_1512680480.txt,20,2171,130
real_data/number_of_messages_experiment_1512680480.txt,20,2304,130
real_data/number_of_messages_experiment_1512680480.txt,20,2247,130
real_data/number_of_messages_experiment_1512680480.txt,20,2246,130
real_data/number_of_messages_experiment_1512680480.txt,20,2304,130
real_data/number_of_messages_experiment_1512680480.txt,20,2152,130
real_data/number_of_messages_experiment_1512680480.txt,20,2171,130
real_data/number_of_messages_experiment_1512680480.txt,20,2095,130
real_data/number_of_messages_experiment_1512680480.txt,20,2171,130
real_data/number_of_messages_experiment_1512680480.txt,20,2114,130
real_data/number_of_messages_experiment_1512680480.txt,20,2418,130
real_data/number_of_messages_experiment_1512680480.txt,20,2171,130
real_data/number_of_messages_experiment_1512680480.txt,20,2342,130
real_data/number_of_messages_experiment_1512680480.txt,20,2209,130
real_data/number_of_messages_experiment_1512680480.txt,20,1981,130
real_data/number_of_messages_experiment_1512680480.txt,20,2228,130
real_data/number_of_messages_experiment_1512680480.txt,20,2361,130
real_data/number_of_messages_experiment_1512680480.txt,20,2247,130
real_data/number_of_messages_experiment_1512680480.txt,20,2228,130
real_data/number_of_messages_experiment_1512680480.txt,20,2209,130
